{"4Head":{"description":"This is the face of a popular Twitch streamer. twitch.tv\/cadburryftw","image_id":354,"first_seen":null},"ANELE":{"description":"This is the face of Twitch Partnerships Lead Anele. twitch.tv\/anele","image_id":3792,"first_seen":null},"ArgieB8":{"description":"ArgieB8 is the face of Twitch Staff member Ignacio Estanga. twitch.tv\/theargietv","image_id":51838,"first_seen":null},"ArsonNoSexy":{"description":"This is the face of streamer ArSon. twitch.tv\/arson","image_id":50,"first_seen":null},"AsianGlow":{"description":"This is the face of Twitch staff member Eliene Sun. twitch.tv\/eleinetv","image_id":74,"first_seen":null},"AthenaPMS":{"description":"This is the face of Twitch staff member & PMS clan founder Amy Brady.","image_id":32035,"first_seen":null},"BabyRage":{"description":"Common meme spurring from Dota 2 professional player and Twitch streamer Arteezy (RTZ) who gets mad when bad things happen in his games, and rages.","image_id":22639,"first_seen":null},"BatChest":{"description":"The BatChest face belongs JhnnyCrwsh, part of the Twitch moderation team. It refers to how his chest hair looks like the Bat Symbol, and came about from a dumb highlight on his channel. twitch.tv\/JhnnyCrwsh","image_id":1905,"first_seen":null},"BCouch":{"description":null,"image_id":83536,"first_seen":null},"BCWarrior":{"description":"This is the face of streamer Zeke. twitch.tv\/ezekiel_iii","image_id":30,"first_seen":null},"BibleThump":{"description":"This is an icon from the game The Binding of Isaac.","image_id":86,"first_seen":null},"BigBrother":{"description":null,"image_id":1904,"first_seen":null},"BionicBunion":{"description":"This is the \"icon\" of Twitch staff member, Russell aka Horror.","image_id":24,"first_seen":null},"BlargNaut":{"description":"This is the face of streamer Aria Blarg. twitch.tv\/ariablarg","image_id":38,"first_seen":null},"bleedPurple":{"description":null,"image_id":62835,"first_seen":null},"BloodTrail":{"description":"This is an icon of the main character in the game Super Meat Boy.","image_id":69,"first_seen":null},"BORT":{"description":"This is the face of Bart, Ambassador at Hi-Rez Studios. He goes by the nickname, Bort","image_id":243,"first_seen":null},"BrainSlug":{"description":"This is a Brain Slug. It controls your thoughts. Originally this was the face of Bwana, part of the Twitch moderation team. It was changed to be an actual Brain Slug due to racist abuse of this emote. More info: twitch.tv\/bwana\/c\/2151897","image_id":881,"first_seen":null},"BrokeBack":{"description":"This is the face of streamer Alan. twitch.tv\/seriousgaming","image_id":4057,"first_seen":null},"BuddhaBar":{"description":"This is the face of Yoh, a JavaScript nerd who works on social features for Twitch.","image_id":27602,"first_seen":null},"ChefFrank":{"description":null,"image_id":90129,"first_seen":null},"cmonBruh":{"description":null,"image_id":84608,"first_seen":null},"CoolCat":{"description":null,"image_id":58127,"first_seen":null},"CorgiDerp":{"description":"This is Lana the corgi.","image_id":49106,"first_seen":null},"CougarHunt":{"description":"This is the face of former Justin.tv staff member, Phil.","image_id":21,"first_seen":null},"DAESuppy":{"description":"This is the face of famous Starcraft 2 player, EG.Suppy.","image_id":973,"first_seen":null},"DansGame":{"description":"This is the face of Dan. twitch.tv\/dansgaming ","image_id":33,"first_seen":null},"DatSheffy":{"description":"This is the face of Twitch staff member Sheffy. twitch.tv\/sheffy","image_id":170,"first_seen":null},"DBstyle":{"description":"This is the face of streamer and composer Dannybstyle. twitch.tv\/dannybstyle","image_id":73,"first_seen":null},"deExcite":{"description":"This is a promotional emote for Deus Ex: Mankind Divided.","image_id":46249,"first_seen":null},"deIlluminati":{"description":"This is a promotional emote for Deus Ex: Mankind Divided.","image_id":46248,"first_seen":null},"DendiFace":{"description":"This is the face of Danil \"Dendi\" Ishutin a professional Dota2 player. The emote is a temporary (https:\/\/twitter.com\/Trancez0r\/status\/534501083796611073) prize given to the winner of the Twitch Doube Trouble tournament. Although Dendi's team didn't actually win the tournament, the prize was graciously(?) given to Dendi by the winner. (https:\/\/twitter.com\/Trancez0r\/status\/534501692285673472). The code itself is reference to what trolls use for the WinWaker emote.","image_id":58135,"first_seen":null},"DogFace":{"description":"DogFace is the face of Kyle Pulver, an indie game developer that added :dogface: to Steam.","image_id":1903,"first_seen":null},"DOOMGuy":{"description":"This is a promotional emote for Bethesda's upcoming reboot of the DOOM franchise.","image_id":54089,"first_seen":null},"duDudu":{"description":"This is a representation of the popular song Sandstorm by Darude. The code is commonly spammed in chat whenever Sandstorm is played.","image_id":62834,"first_seen":null},"EagleEye":{"description":"This is the face of Twitch staff member Jacob.","image_id":20,"first_seen":null},"EleGiggle":{"description":"This is the face of Twitch streamer Elegy of Games. twitch.tv\/elegyofgames","image_id":4339,"first_seen":null},"FailFish":{"description":"This is the face of streamer SpamFish. twitch.tv\/spamfish","image_id":360,"first_seen":null},"FPSMarksman":{"description":"This is the face of Nick Overton, streamer and former Twitch staff member. twitch.tv\/immarksman","image_id":42,"first_seen":null},"FrankerZ":{"description":"This is the face of Frank the dog of Twitch staff member Ernest Le. Brother of RalpherZ.","image_id":65,"first_seen":null},"FreakinStinkin":{"description":"This is the face of GQ, part of the Twitch moderation team. twitch.tv\/thegreatgq","image_id":39,"first_seen":null},"FUNgineer":{"description":"This is the face of Twitch engineer, Jon. twitch.tv\/jbrhymer","image_id":244,"first_seen":null},"FunRun":{"description":"This is the icon of Justin Ignacio aka TheGunrun, Twitch staff member and savior of eSports! twitch.tv\/thegunrun","image_id":48,"first_seen":null},"FuzzyOtterOO":{"description":"This is the icon of Twitch staff member Justin Wong. twitch.tv\/fuzzyotterballs","image_id":168,"first_seen":null},"GingerPower":{"description":"This is the face of Dylan Reichstadt. He works for Twitch in quality assurance. twitch.tv\/dylanlive","image_id":32,"first_seen":null},"GrammarKing":{"description":"This is the face of Twitch employee\/KBMOD writer Vol1tion. twitch.tv\/vol1tion","image_id":3632,"first_seen":null},"HassaanChop":{"description":"This is the face of Twitch software engineer Hassaan. This emote was at one point known as 'DatHass'.","image_id":20225,"first_seen":null},"HassanChop":{"description":"This is the face of Twitch Staff member Hassan. twitch.tv\/hassan","image_id":68,"first_seen":null},"HeyGuys":{"description":"This is the face of Selen, director of recruiting at Twitch.","image_id":30259,"first_seen":null},"HotPokket":{"description":"This is the face of streamer Pokket. twitch.tv\/pokket","image_id":357,"first_seen":null},"HumbleLife":{"description":"This icon was added for Extra Life 2014 where gamers raise money for Children's Miracle Network Hospitals. Find out more at extra-life.org.","image_id":46881,"first_seen":null},"ItsBoshyTime":{"description":"This is an icon from the game I Wanna Be the Boshy.","image_id":169,"first_seen":null},"Jebaited":{"description":"This is the face of Jebailey.","image_id":90,"first_seen":null},"JKanStyle":{"description":"This is the face of Justin Kan, co-founder of Justin.tv and Twitch.","image_id":15,"first_seen":null},"JonCarnage":{"description":"This is the face of Twitch staff member and caster Jon Carnage.","image_id":26,"first_seen":null},"KAPOW":{"description":"This is a promotional emote for the game Infinite Crisis.","image_id":9803,"first_seen":null},"Kappa":{"description":"This is the face of Josh, a former Justin.tv employee. Kappa is generally used to indicate sarcasm or trolling.","image_id":25,"first_seen":null},"KappaClaus":{"description":"This is Kappa with a Santa hat added for Christmas 2015.","image_id":74510,"first_seen":null},"KappaPride":{"description":"On June 26, 2015, the Supreme Court of the United States ruled that same-sex couples can marry nationwide. You can read the full decision at: http:\/\/www.supremecourt.gov\/opinions\/14pdf\/14-556_3204.pdf The rainbow coloring is a symbol of the LGBT pride movement.","image_id":55338,"first_seen":null},"KappaRoss":{"description":"In honor of the late Bob Ross's 73rd birthday and the official launch of the Creative directory, Twitch created this emote - a mashup of Kappa and Bob's distinctive hair. Twitch also ran a non-stop marathon of all 403 episodes of \"The Joy of Painting\" on twitch.tv\/bobross","image_id":70433,"first_seen":null},"KappaWealth":{"description":null,"image_id":81997,"first_seen":null},"Keepo":{"description":"Keepo is Kappa stylized as the hero Meepo from DotA\/DotA 2.","image_id":1902,"first_seen":null},"KevinTurtle":{"description":"This is the face of Klutch, part of the Twitch partnership team. twitch.tv\/klutch","image_id":40,"first_seen":null},"Kippa":{"description":null,"image_id":1901,"first_seen":null},"Kreygasm":{"description":"This is the face of streamer Kreyg. twitch.tv\/kreyg","image_id":41,"first_seen":null},"Mau5":{"description":"The Mau5 emote belongs to music producer Deadmau5. twitch.tv\/deadmau5","image_id":30134,"first_seen":null},"mcaT":{"description":"This is the logo of the music label Monstercat. twitch.tv\/monstercat monstercat.com","image_id":35063,"first_seen":null},"MikeHogu":{"description":null,"image_id":81636,"first_seen":null},"MingLee":{"description":"The face of Chris Mead, the Director of Partnerships EMEA at Twitch.","image_id":68856,"first_seen":null},"MrDestructoid":{"description":"This is the mascot of the gaming website Destructoid. twitch.tv\/destructoid","image_id":28,"first_seen":null},"MVGame":{"description":"This is the face of streamer MAN. twitch.tv\/manvsgame","image_id":29,"first_seen":null},"NinjaTroll":{"description":"This is the face of streamer Ninja. twitch.tv\/ninja","image_id":45,"first_seen":null},"NomNom":{"description":null,"image_id":90075,"first_seen":null},"NoNoSpot":{"description":"This is the face of streamer Towelliee. twitch.tv\/towelliee","image_id":44,"first_seen":null},"NotATK":{"description":null,"image_id":34875,"first_seen":null},"NotLikeThis":{"description":"This is the face of Twitch staff member Ben Swartz. twitch.tv\/bensw","image_id":58765,"first_seen":null},"OhMyDog":{"description":"This is the face of the dog, Tank.","image_id":81103,"first_seen":null},"OMGScoots":{"description":"This is the face of SirScoots, a well known member of the eSports community.","image_id":91,"first_seen":null},"OneHand":{"description":"This is the face of streamer EdwardStarcraft.","image_id":66,"first_seen":null},"OpieOP":{"description":"This is the face of Jason Babo. Strategic Partnerships at TwitchTV and a Web Developer. twitch.tv\/opie","image_id":356,"first_seen":null},"OptimizePrime":{"description":"This is the face of Emmett Shear, co-founder of Justin.tv and CEO of Twitch.","image_id":16,"first_seen":null},"OSfrog":{"description":"This is a promotional emote for the Old Spice Nature Adventure where Twitch chat controlled a man's adventures in nature.","image_id":81248,"first_seen":null},"OSkomodo":{"description":null,"image_id":81273,"first_seen":null},"OSsloth":{"description":"This is a promotional emote for the Old Spice Nature Adventure where Twitch chat controlled a man's adventures in nature.","image_id":81249,"first_seen":null},"panicBasket":{"description":"This emote was voted into existence by the Twitch Townhall attendees during PAX Prime 2014. It is inspired by the phrase \"PICNIC\" (based on PANIC) spammed in chat when a stream goes offline during a broadcast.","image_id":22998,"first_seen":null},"PanicVis":{"description":"This is the emote of Visual, part of the Twitch moderation team. Twitch.tv\/visual","image_id":3668,"first_seen":null},"PartyTime":{"description":"This is the face of Pluto, a partnership manager for Twitch. twitch.tv\/pluto","image_id":76171,"first_seen":null},"PazPazowitz":{"description":"This is the faces of Justin.tv streamer Paz. justin.tv\/paz","image_id":19,"first_seen":null},"PeoplesChamp":{"description":"The PeoplesChamp emote belongs to Bobby 'Scar' of the smash community and of MeleeItOnMe. twitch.tv\/meleeitonme","image_id":3412,"first_seen":null},"PermaSmug":{"description":"This is the face of Aaron Krasnov, a product manager at Twitch, captured during their AHGL Dota team photo.","image_id":27509,"first_seen":null},"PeteZaroll":{"description":null,"image_id":81243,"first_seen":null},"PeteZarollTie":{"description":null,"image_id":81244,"first_seen":null},"PicoMause":{"description":"This is the face of streamer PicoMause. twitch.tv\/picomause","image_id":27,"first_seen":null},"PipeHype":{"description":"The PipeHype emote is of Pipe, part of the Twitch support team. twitch.tv\/pipe","image_id":4240,"first_seen":null},"PJSalt":{"description":" PJ stands for PeacefulJay, a Fighting Game Community (FGC) stream: twitch.tv\/peacefuljay and Salt is a term used in the FGC to describe someone who is upset.","image_id":36,"first_seen":null},"PMSTwin":{"description":"This is the face of Twitch staff member & PMS clan founder Amber Dalton.","image_id":92,"first_seen":null},"PogChamp":{"description":"This is the face of streamer Gootecks. twitch.tv\/gootecks","image_id":88,"first_seen":null},"Poooound":{"description":"This is the face of streamer RSQViper. twitch.tv\/RSQViper","image_id":358,"first_seen":null},"PraiseIt":{"description":"This is the icon for the Helix Fossil item in Pokemon games. It became a meme as part of the TwitchPlaysPokemon streams.","image_id":38586,"first_seen":null},"PRChase":{"description":"This is the face of Twitch PR Director, Chase.","image_id":28328,"first_seen":null},"PunchTrees":{"description":"This is an icon of Steve, the ingame persona in the game Minecraft. One of the first objectives in Minecraft is to punch trees to get wood.","image_id":47,"first_seen":null},"PuppeyFace":{"description":"This is the face of Clement \"Puppey\" Ivanov a professional Dota2 player. twitch.tv\/puppey","image_id":58136,"first_seen":null},"RaccAttack":{"description":"This is the avatar of Nick aka BlackLightAttack. Formerly of his personal channel, twitch.tv\/blacklightattack, where raccoons are a recurring theme.","image_id":27679,"first_seen":null},"RalpherZ":{"description":"This is the face of Ralph the dog of Twitch staff member Ernest Le. Brother of FrankerZ.","image_id":1900,"first_seen":null},"RedCoat":{"description":"This is the face of former Justin.tv staff member, Bill.","image_id":22,"first_seen":null},"ResidentSleeper":{"description":"This is the face of Oddler. Oddler was doing a 72 hour Resident Evil marathon when he fell asleep about 66 hours into it. His stream with him sleeping became massively popular and at one point the viewer count even reached 13,000. twitch.tv\/oddler","image_id":245,"first_seen":null},"riPepperonis":{"description":"This is a symbol for \"Rest In Pepperonis\". \"Rest In Pepperonis\" is a middle of the herd term used to describe a death, usually on a video game.","image_id":62833,"first_seen":null},"RitzMitz":{"description":"The emote RitzMitz is of RitzPlays. twitch.tv\/ritzplays","image_id":4338,"first_seen":null},"RuleFive":{"description":"This is the face of streamer Chuk. twitch.tv\/whenchukattacks","image_id":361,"first_seen":null},"SeemsGood":{"description":"The face of staff member Paul Diamond, twitch.tv\/bearcat","image_id":64138,"first_seen":null},"ShadyLulu":{"description":"The face of Twitch Staff member Lauren Etner from Events\/Marketing","image_id":52492,"first_seen":null},"ShazBotstix":{"description":"This is the face of Ben Goldhaber, Twitch staff member and streamer. twitch.tv\/fishstix","image_id":87,"first_seen":null},"ShibeZ":{"description":"This is a Dogecoin. en.wikipedia.org\/wiki\/Dogecoin","image_id":27903,"first_seen":null},"SmoocherZ":{"description":"This is the emote of Jordan Tayer aka Soma, Influencer Relations Manager at Twitch. twitch.tv\/soma","image_id":89945,"first_seen":null},"SMOrc":{"description":"This is an icon from the game Space Marine.","image_id":52,"first_seen":null},"SMSkull":{"description":"This is an icon from the game Space Marine.","image_id":51,"first_seen":null},"SoBayed":{"description":"This is the face of SONOS, Twitch staff member and streamer. twitch.tv\/s0n0s","image_id":1906,"first_seen":null},"SoonerLater":{"description":"This is the face of Sooner, a popular Twitch streamer. twitch.tv\/lolsooner","image_id":355,"first_seen":null},"SriHead":{"description":null,"image_id":14706,"first_seen":null},"SSSsss":{"description":"This is an icon of a Creeper from the game Minecraft. They blow stuff up.","image_id":46,"first_seen":null},"StinkyCheese":{"description":null,"image_id":90076,"first_seen":null},"StoneLightning":{"description":"This is the face of Michael Seibel, co-founder of Justin.tv.","image_id":17,"first_seen":null},"StrawBeary":{"description":"This is the icon of streamer LordKat. twitch.tv\/lordkat","image_id":37,"first_seen":null},"SuperVinlin":{"description":"This is the face of Twitch staff member Kevin Lin.","image_id":31,"first_seen":null},"SwiftRage":{"description":"This is the face of streamer Swiftor. twitch.tv\/swiftor","image_id":34,"first_seen":null},"TF2John":{"description":"This is the face of stream and Twitch staff member, John. twitch.tv\/synwyn","image_id":1899,"first_seen":null},"TheRinger":{"description":"This is the face of Kyle Vogt, co-founder of Justin.tv.","image_id":18,"first_seen":null},"TheTarFu":{"description":"This is the face of streamer Tarfu. twitch.tv\/tarfu","image_id":70,"first_seen":null},"TheThing":{"description":"The emote \"TheThing\" is the face of Geoff \"iNcontroL\" Robinson. twitch.tv\/incontroltv","image_id":7427,"first_seen":null},"ThunBeast":{"description":"ThunBeast belongs to Twitch caster ThunderCast twitch.tv\/Thundercast","image_id":1898,"first_seen":null},"TinyFace":{"description":"This is the face of streamer, Foom. twitch.tv\/king_foom","image_id":67,"first_seen":null},"TooSpicy":{"description":"This is the face of Miguel, part of the Twitch moderation team. twitch.tv\/sournothardcore SourPls","image_id":359,"first_seen":null},"TriHard":{"description":"This is the face of speed runner Trihex. twitch.tv\/trihex","image_id":171,"first_seen":null},"TTours":{"description":null,"image_id":38436,"first_seen":null},"twitchRaid":{"description":null,"image_id":62836,"first_seen":null},"UleetBackup":{"description":"This is the face of streamer Crream. twitch.tv\/crream","image_id":49,"first_seen":null},"UncleNox":{"description":"This is the face of Nox, part of the Twitch moderation team. Rumor is that he does not wear pants. twitch.tv\/nox","image_id":3666,"first_seen":null},"UnSane":{"description":"This is the face of streamer Tom. twitch.tv\/unsanitylive","image_id":71,"first_seen":null},"VaultBoy":{"description":"This is a promotional emote for Bethesda's Fallout franchise. Vault Boy is the mascot for the fictional corporation known as Vault-Tec within the Fallout universe.","image_id":54090,"first_seen":null},"VoHiYo":{"description":"This is the emote of Volary, a member of the Twitch partnerships team. twitch.tv\/volary","image_id":81274,"first_seen":null},"Volcania":{"description":"This is the logo of CelGaming. twitch.tv\/celgaming","image_id":166,"first_seen":null},"WholeWheat":{"description":"This is the face of caster and Twitch staff member djWHEAT. twitch.tv\/djwheat","image_id":1896,"first_seen":null},"WinWaker":{"description":"This is the face of speed runner Narcissa. twitch.tv\/narcissawright","image_id":167,"first_seen":null},"WTRuck":{"description":"WTRuck belongs Eddie Ruckus twitch.tv\/eddieruckus","image_id":1897,"first_seen":null},"WutFace":{"description":"This is the face of Twitch staff member Alex Mendez. twitch.tv\/goldenboyftw","image_id":28087,"first_seen":null},"YouWHY":{"description":"This is the emote of YouPickGames. twitch.tv\/youpickgames","image_id":4337,"first_seen":null}}